product,supplier,brand,category,sub-brand,type
BM Premi Lift 9+,Henkel,Schwarzkopf,Bleach,BlondMe,professional
Igora Vario Blond Plus ,Henkel,Schwarzkopf,Bleach,Vario,professional
Igora Vario Blond Super Plus ,Henkel,Schwarzkopf,Bleach,Vario,professional
Vibrance Lotion 4%,Henkel,Schwarzkopf,Developer,Vibrance,professional
IGORA Royal Oxigenta 6% 1 Litre,Henkel,Schwarzkopf,Developer,Royal,professional
IGORA Royal Oxigenta 9% 1 Litre,Henkel,Schwarzkopf,Developer,Royal,professional
BM Developer 2%,Henkel,Schwarzkopf,Developer,BlondMe,professional
IGORA Royal Oxigenta 12% 1 Litre,Henkel,Schwarzkopf,Developer,Royal,professional
BM Developer 9%,Henkel,Schwarzkopf,Developer,BlondMe,professional
Vibrance 1.9% lotion,Henkel,Schwarzkopf,Developer,Vibrance,professional
IGORA Royal Oxigenta 3% 1 Litre,Henkel,Schwarzkopf,Developer,Royal,professional
BM Developer 6%,Henkel,Schwarzkopf,Developer,BlondMe,professional
IGORA Royal 9-55,Henkel,Schwarzkopf,Colour,Royal,professional
"IGORA Royal 9,5-1",Henkel,Schwarzkopf,Colour,Royal,professional
IGORA Royal 10-14,Henkel,Schwarzkopf,Colour,Royal,professional
"Vibrance 9,5-19",Henkel,Schwarzkopf,Colour,Vibrance,professional
Vibrance 0-77,Henkel,Schwarzkopf,Colour,Vibrance,professional
Vibrance 4-46,Henkel,Schwarzkopf,Colour,Vibrance,professional
vibrance 7-57,Henkel,Schwarzkopf,Colour,Vibrance,professional
Vibrance 7-55,Henkel,Schwarzkopf,Colour,Vibrance,professional
IGORA Royal Opulescence 9-57,Henkel,Schwarzkopf,Colour,Royal,professional
TBH 9-06N,Henkel,Schwarzkopf,Colour,TBH,professional
IGORA Royal 5-88,Henkel,Schwarzkopf,Colour,Royal,professional
Igora dusted rouge 6-491,Henkel,Schwarzkopf,Colour,Royal,professional
IGORA Royal FL L-89,Henkel,Schwarzkopf,Colour,Royal,professional
IGORA Royal 0-77,Henkel,Schwarzkopf,Colour,Royal,professional
IGORA Color10 5-12,Henkel,Schwarzkopf,Colour,Royal,professional
"Vibrance 9,5-4",Henkel,Schwarzkopf,Colour,Vibrance,professional
IGORA Royal 6-6,Henkel,Schwarzkopf,Colour,Royal,professional
IGORA ROYAL OPULESCENCE 8-19,Henkel,Schwarzkopf,Colour,Royal,professional
IGORA Royal SW Grey Lilac,Henkel,Schwarzkopf,Colour,Royal,professional
IGORA Royal 5-68,Henkel,Schwarzkopf,Colour,Royal,professional
IGORA Royal 4-0,Henkel,Schwarzkopf,Colour,Royal,professional
IGORA Royal 0-89,Henkel,Schwarzkopf,Colour,Royal,professional
Vibrance 7-77,Henkel,Schwarzkopf,Colour,Vibrance,professional
Vibrance 3-0,Henkel,Schwarzkopf,Colour,Vibrance,professional
Vibrance 1-0,Henkel,Schwarzkopf,Colour,Vibrance,professional
Vibrance 8-19,Henkel,Schwarzkopf,Colour,Vibrance,professional
IGORA Royal 8-11,Henkel,Schwarzkopf,Colour,Royal,professional
Royal Ashy Cedar 7-21,Henkel,Schwarzkopf,Colour,Royal,professional
IGORA Royal 7-77,Henkel,Schwarzkopf,Colour,Royal,professional
"Vibrance 9,5-98",Henkel,Schwarzkopf,Colour,Vibrance,professional
Vibrance 7-0,Henkel,Schwarzkopf,Colour,Vibrance,professional
Vibrance 9-4,Henkel,Schwarzkopf,Colour,Vibrance,professional
IGORA Royal 10-4,Henkel,Schwarzkopf,Colour,Royal,professional
IGORA Royal 7-65,Henkel,Schwarzkopf,Colour,Royal,professional
Vibrance 4-13,Henkel,Schwarzkopf,Colour,Vibrance,professional
Vibrance 5-57,Henkel,Schwarzkopf,Colour,Vibrance,professional
Igora Royal 5-113,Henkel,Schwarzkopf,Colour,Royal,professional
IGORA Color10 7-12,Henkel,Schwarzkopf,Colour,Col10,professional
IGORA Color10 6-6,Henkel,Schwarzkopf,Colour,Col10,professional
IGORA Royal E-0,Henkel,Schwarzkopf,Colour,Royal,professional
IGORA Royal 8-00,Henkel,Schwarzkopf,Colour,Royal,professional
Igora dusted rouge 7-982,Henkel,Schwarzkopf,Colour,Royal,professional
IGORA Color10 8-65,Henkel,Schwarzkopf,Colour,Col10,professional
IGORA Color10 7-57,Henkel,Schwarzkopf,Colour,Col10,professional
IGORA Royal 5-63,Henkel,Schwarzkopf,Colour,Royal,professional
TBH 5-16 C,Henkel,Schwarzkopf,Colour,TBH,professional
BM toning ice,Henkel,Schwarzkopf,Colour,BlondMe,professional
IGORA Royal 12-1,Henkel,Schwarzkopf,Colour,Royal,professional
IGORA Royal 0-88,Henkel,Schwarzkopf,Colour,Royal,professional
Igora dusted rouge 8-849,Henkel,Schwarzkopf,Colour,Royal,professional
IGORA Royal 3-0,Henkel,Schwarzkopf,Colour,Royal,professional
TBH 9-16 C,Henkel,Schwarzkopf,Colour,TBH,professional
IGORA Royal 9-1,Henkel,Schwarzkopf,Colour,Royal,professional
IGORA Royal 7-57,Henkel,Schwarzkopf,Colour,Royal,professional
IGORA Royal 8-77,Henkel,Schwarzkopf,Colour,Royal,professional
IGORA Royal Nude 4-46,Henkel,Schwarzkopf,Colour,Royal,professional
IGORA Color 10 3-0,Henkel,Schwarzkopf,Colour,Royal,professional
Vibrance 9-57,Henkel,Schwarzkopf,Colour,Vibrance,professional
"IGORA Royal P 9,5-29",Henkel,Schwarzkopf,Colour,Royal,professional
Vibrance 6-63,Henkel,Schwarzkopf,Colour,Vibrance,professional
IGORA Royal 12-4,Henkel,Schwarzkopf,Colour,Royal,professional
IGORA Royal 5-99,Henkel,Schwarzkopf,Colour,Royal,professional
IGORA Royal 6-12,Henkel,Schwarzkopf,Colour,Royal,professional
IGORA Color10 5-5,Henkel,Schwarzkopf,Colour,Royal,professional
IGORA Royal 4-6,Henkel,Schwarzkopf,Colour,Royal,professional
Vibrance 7-48,Henkel,Schwarzkopf,Colour,Vibrance,professional
IGORA Royal 5-65,Henkel,Schwarzkopf,Colour,Royal,professional
IGORA Royal FL L-77,Henkel,Schwarzkopf,Colour,Royal,professional
TBH 7-49 C,Henkel,Schwarzkopf,Colour,TBH,professional
IGORA Color10 6-00,Henkel,Schwarzkopf,Colour,Royal,professional
IGORA Royal ABS 8-01,Henkel,Schwarzkopf,Colour,Royal,professional
Vibrance 9-65,Henkel,Schwarzkopf,Colour,Vibrance,professional
Vibrance 8-0,Henkel,Schwarzkopf,Colour,Vibrance,professional
"Vibrance 9,5-21",Henkel,Schwarzkopf,Colour,Vibrance,professional
IGORA Royal SW Slate Grey,Henkel,Schwarzkopf,Colour,Royal,professional
BM toning caramel,Henkel,Schwarzkopf,Colour,BlondMe,professional
IGORA Royal 9-98,Henkel,Schwarzkopf,Colour,Royal,professional
BM toning sand,Henkel,Schwarzkopf,Colour,BlondMe,professional
TBH 6-19 C,Henkel,Schwarzkopf,Colour,TBH,professional
IGORA Royal ABS 7-450,Henkel,Schwarzkopf,Colour,Royal,professional
IGORA Royal 9-7,Henkel,Schwarzkopf,Colour,Royal,professional
"IGORA Royal P 9,5-89",Henkel,Schwarzkopf,Colour,Royal,professional
Vibrance 5-1,Henkel,Schwarzkopf,Colour,Vibrance,professional
TBH 5-06N,Henkel,Schwarzkopf,Colour,TBH,professional
Vibrance 9-0,Henkel,Schwarzkopf,Colour,Vibrance,professional
IGORA Royal ABS 9-50,Henkel,Schwarzkopf,Colour,Royal,professional
IGORA Royal 12-46,Henkel,Schwarzkopf,Colour,Royal,professional
IGORA Royal D-0,Henkel,Schwarzkopf,Colour,Royal,professional
Igora Royal 3-222,Henkel,Schwarzkopf,Colour,Royal,professional
BM toning apricot,Henkel,Schwarzkopf,Colour,BlondMe,professional
IGORA Royal P 11-89,Henkel,Schwarzkopf,Colour,Royal,professional
IGORA Color10 6-65,Henkel,Schwarzkopf,Colour,Royal,professional
Vibrance 4-6,Henkel,Schwarzkopf,Colour,Vibrance,professional
IGORA Royal 7-1,Henkel,Schwarzkopf,Colour,Royal,professional
"Vibrance 9,5-1",Henkel,Schwarzkopf,Colour,Vibrance,professional
IGORA Royal 6-65,Henkel,Schwarzkopf,Colour,Royal,professional
BM toning lilac,Henkel,Schwarzkopf,Colour,BlondMe,professional
IGORA Royal 7-00,Henkel,Schwarzkopf,Colour,Royal,professional
IGORA Royal 6-99,Henkel,Schwarzkopf,Colour,Royal,professional
Vibrance Ashy Cedar 5-21,Henkel,Schwarzkopf,Colour,Vibrance,professional
BM toning steel blue,Henkel,Schwarzkopf,Colour,BlondMe,professional
Vibrance 9-7,Henkel,Schwarzkopf,Colour,Vibrance,professional
igora dusted rouge 9-674,Henkel,Schwarzkopf,Colour,Royal,professional
IGORA Royal 0-11,Henkel,Schwarzkopf,Colour,Royal,professional
IGORA Color10 4-99,Henkel,Schwarzkopf,Colour,Col10,professional
IGORA Color10 8-00,Henkel,Schwarzkopf,Colour,Col10,professional
IGORA Royal SW Silver,Henkel,Schwarzkopf,Colour,Royal,professional
IGORA Royal 0-22,Henkel,Schwarzkopf,Colour,Royal,professional
IGORA Royal ABS 7-710,Henkel,Schwarzkopf,Colour,Royal,professional
IGORA Royal 8-0,Henkel,Schwarzkopf,Colour,Royal,professional
IGORA Royal 5-7,Henkel,Schwarzkopf,Colour,Royal,professional
IGORA Royal 9-00,Henkel,Schwarzkopf,Colour,Royal,professional
Igora dusted rouge 7-764,Henkel,Schwarzkopf,Colour,Royal,professional
IGORA Color10 7-5,Henkel,Schwarzkopf,Colour,Col10,professional
vibrance 0-22,Henkel,Schwarzkopf,Colour,Col10,professional
"IGORA Royal 9,5-49",Henkel,Schwarzkopf,Colour,Royal,professional
IGORA Royal 10-1,Henkel,Schwarzkopf,Colour,Royal,professional
IGORA Royal 5-4,Henkel,Schwarzkopf,Colour,Royal,professional
IGORA Royal 6-68,Henkel,Schwarzkopf,Colour,Royal,professional
Igora Royal 5-819,Henkel,Schwarzkopf,Colour,Royal,professional
IGORA Royal 0-99,Henkel,Schwarzkopf,Colour,Royal,professional
IGORA Royal 6-00,Henkel,Schwarzkopf,Colour,Royal,professional
IGORA Royal 6-88,Henkel,Schwarzkopf,Colour,Royal,professional
IGORA Royal 8-4,Henkel,Schwarzkopf,Colour,Royal,professional
IGORA Royal FL L-49,Henkel,Schwarzkopf,Colour,Royal,professional
IGORA Royal Nude 7-46,Henkel,Schwarzkopf,Colour,Royal,professional
TBH 10-51 C,Henkel,Schwarzkopf,Colour,TBH,professional
IGORA Color10 9-00,Henkel,Schwarzkopf,Colour,Col10,professional
IGORA Color10 7-0,Henkel,Schwarzkopf,Colour,Col10,professional
IGORA Color10 4-6,Henkel,Schwarzkopf,Colour,Col10,professional
IGORA Royal 4-99,Henkel,Schwarzkopf,Colour,Royal,professional
IGORA Royal 7-0,Henkel,Schwarzkopf,Colour,Royal,professional
Vibrance 4-68,Henkel,Schwarzkopf,Colour,Vibrance,professional
Vibrance 5-00,Henkel,Schwarzkopf,Colour,Vibrance,professional
IGORA Royal 5-6,Henkel,Schwarzkopf,Colour,Royal,professional
IGORA Royal 5-00,Henkel,Schwarzkopf,Colour,Royal,professional
IGORA Royal P 6-89,Henkel,Schwarzkopf,Colour,Royal,professional
Vibrance 5-67,Henkel,Schwarzkopf,Colour,Vibrance,professional
IGORA Royal 6-4,Henkel,Schwarzkopf,Colour,Royal,professional
IGORA Royal 7-4,Henkel,Schwarzkopf,Colour,Royal,professional
IGORA Color10 6-88,Henkel,Schwarzkopf,Colour,Col10,professional
Vibrance 9-55,Henkel,Schwarzkopf,Colour,Vibrance,professional
IGORA Royal E-1,Henkel,Schwarzkopf,Colour,Royal,professional
Vibrance 7-4,Henkel,Schwarzkopf,Colour,Vibrance,professional
IGORA Royal 9-0,Henkel,Schwarzkopf,Colour,Royal,professional
Vibrance 5-65,Henkel,Schwarzkopf,Colour,Vibrance,professional
"Vibrance 9,5-46",Henkel,Schwarzkopf,Colour,Vibrance,professional
IGORA Royal 9-4,Henkel,Schwarzkopf,Colour,Royal,professional
"IGORA Royal 9,5-22",Henkel,Schwarzkopf,Colour,Royal,professional
TBH 9-49 C,Henkel,Schwarzkopf,Colour,TBH,professional
Vibrance 7-1,Henkel,Schwarzkopf,Colour,Vibrance,professional
IGORA Royal 8-55,Henkel,Schwarzkopf,Colour,Royal,professional
Igora Royal 6-299,Henkel,Schwarzkopf,Colour,Royal,professional
Vibrance 0-55,Henkel,Schwarzkopf,Colour,Vibrance,professional
Vibrance 0-00,Henkel,Schwarzkopf,Colour,Vibrance,professional
IGORA Royal Nude 6-46,Henkel,Schwarzkopf,Colour,Royal,professional
Vibrance 8-11,Henkel,Schwarzkopf,Colour,Vibrance,professional
IGORA Royal 6-5,Henkel,Schwarzkopf,Colour,Royal,professional
IGORA Royal 5-5,Henkel,Schwarzkopf,Colour,Royal,professional
Vibrance 7-65,Henkel,Schwarzkopf,Colour,Vibrance,professional
IGORA Royal 10-0,Henkel,Schwarzkopf,Colour,Royal,professional
IGORA Royal ABS 8-50,Henkel,Schwarzkopf,Colour,Absolute,professional
Vibrance 0-33,Henkel,Schwarzkopf,Colour,Vibrance,professional
"Vibrance 9,5-49",Henkel,Schwarzkopf,Colour,Vibrance,professional
IGORA Royal 8-65,Henkel,Schwarzkopf,Colour,Royal,professional
IGORA Royal 5-0,Henkel,Schwarzkopf,Colour,Royal,professional
Vibrance 7-00,Henkel,Schwarzkopf,Colour,Vibrance,professional
IGORA Royal FL L-88,Henkel,Schwarzkopf,Colour,Royal,professional
TBH 7-16 C,Henkel,Schwarzkopf,Colour,TBH,professional
Vibrance 5-7,Henkel,Schwarzkopf,Colour,Vibrance,professional
Vibrance 6-78,Henkel,Schwarzkopf,Colour,Vibrance,professional
IGORA Royal Opulescence 5-67,Henkel,Schwarzkopf,Colour,Royal,professional
IGORA ROYAL OPULESCENCE 6-78,Henkel,Schwarzkopf,Colour,Royal,professional
Vibrance 6-6,Henkel,Schwarzkopf,Colour,Vibrance,professional
disheveled nudes 9-567,Henkel,Schwarzkopf,Colour,Royal,professional
IGORA Color10 7-7,Henkel,Schwarzkopf,Colour,Col10,professional
BM Lifting Ice-Irise,Henkel,Schwarzkopf,Colour,BlondMe,professional
IGORA Royal SW Dove Grey,Henkel,Schwarzkopf,Colour,Royal,professional
IGORA Royal 6-77,Henkel,Schwarzkopf,Colour,Royal,professional
disheveled nudes 8-211,Henkel,Schwarzkopf,Colour,Royal,professional
IGORA Color10 6-4,Henkel,Schwarzkopf,Colour,Col10,professional
Vibrance 0-88,Henkel,Schwarzkopf,Colour,Vibrance,professional
IGORA Royal 4-13,Henkel,Schwarzkopf,Colour,Royal,professional
IGORA Royal 8-1,Henkel,Schwarzkopf,Colour,Royal,professional
IGORA Royal 1-0,Henkel,Schwarzkopf,Colour,Royal,professional
IGORA Color10 9-12,Henkel,Schwarzkopf,Colour,Col10,professional
IGORA Royal 6-0,Henkel,Schwarzkopf,Colour,Royal,professional
IGORA Royal 1-1,Henkel,Schwarzkopf,Colour,Royal,professional
TBH 10-19 C,Henkel,Schwarzkopf,Colour,TBH,professional
Vibrance 0-11,Henkel,Schwarzkopf,Colour,Vibrance,professional
IGORA Royal Nude 8-46,Henkel,Schwarzkopf,Colour,Royal,professional
"IGORA Royal 9,5-4",Henkel,Schwarzkopf,Colour,Royal,professional
Vibrance 9-1,Henkel,Schwarzkopf,Colour,Vibrance,professional
IGORA Royal 4-88,Henkel,Schwarzkopf,Colour,Royal,professional
IGORA Color10 4-88,Henkel,Schwarzkopf,Colour,Col10,professional
Vibrance Ashy Cedar 7-21,Henkel,Schwarzkopf,Colour,Vibrance,professional
Vibrance 9-00,Henkel,Schwarzkopf,Colour,Vibrance,professional
Igora dusted rouge 5-869,Henkel,Schwarzkopf,Colour,Royal,professional
Igora Royal 4-998,Henkel,Schwarzkopf,Colour,Royal,professional
Vibrance 6-99,Henkel,Schwarzkopf,Colour,Vibrance,professional
Vibrance 6-46,Henkel,Schwarzkopf,Colour,Vibrance,professional
IGORA Royal 4-65,Henkel,Schwarzkopf,Colour,Royal,professional
"Vibrance 9,5-5",Henkel,Schwarzkopf,Colour,Vibrance,professional
Vibrance 6-68,Henkel,Schwarzkopf,Colour,Vibrance,professional
IGORA ROYAL OPULESCENCE 7-48,Henkel,Schwarzkopf,Colour,Royal,professional
IGORA Royal Nude 10-46,Henkel,Schwarzkopf,Colour,Royal,professional
IGORA Royal 7-55,Henkel,Schwarzkopf,Colour,Royal,professional
IGORA Royal 6-1,Henkel,Schwarzkopf,Colour,Royal,professional
Vibrance 6-12,Henkel,Schwarzkopf,Colour,Vibrance,professional
IGORA Royal 5-57,Henkel,Schwarzkopf,Colour,Royal,professional
IGORA Royal 5-1,Henkel,Schwarzkopf,Colour,Royal,professional
Vibrance 8-46,Henkel,Schwarzkopf,Colour,Vibrance,professional
IGORA Royal 4-68,Henkel,Schwarzkopf,Colour,Royal,professional
BM Bleach & tone Cool Addative,Henkel,Schwarzkopf,Colour,BlondMe,professional
BM Bleach & tone pastel additive,Henkel,Schwarzkopf,Colour,BlondMe,professional
Vibrance 4-0,Henkel,Schwarzkopf,Colour,Vibrance,professional
disheveled nudes 8-176,Henkel,Schwarzkopf,Colour,Royal,professional
Vibrance 5-4,Henkel,Schwarzkopf,Colour,Vibrance,professional
Vibrance 6-0,Henkel,Schwarzkopf,Colour,Vibrance,professional
TBH 8-06N,Henkel,Schwarzkopf,Colour,TBH,professional
IGORA Royal 12-0,Henkel,Schwarzkopf,Colour,Royal,professional
IGORA Royal 0-55,Henkel,Schwarzkopf,Colour,Royal,professional
IGORA Color10 5-0,Henkel,Schwarzkopf,Colour,Royal,professional
BM toning strawberry,Henkel,Schwarzkopf,Colour,BlondMe,professional
IGORA Color10 9-0,Henkel,Schwarzkopf,Colour,Col10,professional
Vibrance 5-0,Henkel,Schwarzkopf,Colour,Vibrance,professional
IGORA Royal 9-65,Henkel,Schwarzkopf,Colour,Royal,professional
TBH 8-19 C,Henkel,Schwarzkopf,Colour,TBH,professional
gloves large,Gompels,ProForm,Sundries,Gloves,professional
gloves small,Gompels,ProForm,Sundries,Gloves,professional
Joico Red,Joico,Joico,Colour Other,Crazy Colour,professional
Joico Yellow,Joico,Joico,Colour Other,Crazy Colour,professional
Joico Pink,Joico,Joico,Colour Other,Crazy Colour,professional
Joico Sapphire Blue,Joico,Joico,Colour Other,Crazy Colour,professional
Cool.Angel,Sweet Squared,Kevin Murphy,Hair Products,Kevin Murphy,professional
Sugared.Angel,Sweet Squared,Kevin Murphy,Hair Products,Kevin Murphy,professional
Crystal.Angel,Sweet Squared,Kevin Murphy,Hair Products,Kevin Murphy,professional
Autumn.Angel,Sweet Squared,Kevin Murphy,Hair Products,Kevin Murphy,professional
Stimulate-me.rinse,Sweet Squared,Kevin Murphy,Back Wash,Kevin Murphy,professional
ANGEL.RINSE 1Ltr,Sweet Squared,Kevin Murphy,Back Wash,Kevin Murphy,professional
BLONDE.ANGEL.WASH 1Ltr,Sweet Squared,Kevin Murphy,Back Wash,Kevin Murphy,professional
YOUNG.AGAIN.MASQUE 1Ltr,Sweet Squared,Kevin Murphy,Back Wash,Kevin Murphy,professional
ANGEL.WASH 1Ltr,Sweet Squared,Kevin Murphy,Back Wash,Kevin Murphy,professional
REPAIR.ME.RINSE 1Ltr,Sweet Squared,Kevin Murphy,Back Wash,Kevin Murphy,professional
REPAIR.ME.WASH 1Ltr,Sweet Squared,Kevin Murphy,Back Wash,Kevin Murphy,professional
HYDRATE.ME.RINSE 1Ltr,Sweet Squared,Kevin Murphy,Back Wash,Kevin Murphy,professional
RE.STORE cleansing treatment 1Ltr,Sweet Squared,Kevin Murphy,Back Wash,Kevin Murphy,professional
MAXI.WASH 1Ltr,Sweet Squared,Kevin Murphy,Back Wash,Kevin Murphy,professional
SMOOTH.AGAIN.WASH 1Ltr,Sweet Squared,Kevin Murphy,Back Wash,Kevin Murphy,professional
YOUNG.AGAIN.WASH 1Ltr,Sweet Squared,Kevin Murphy,Back Wash,Kevin Murphy,professional
BALANCING.WASH 1Ltr,Sweet Squared,Kevin Murphy,Back Wash,Kevin Murphy,professional
HYDRATE.ME.MASQUE 1Ltr,Sweet Squared,Kevin Murphy,Back Wash,Kevin Murphy,professional
HYDRATE.ME.WASH 1Ltr,Sweet Squared,Kevin Murphy,Back Wash,Kevin Murphy,professional
SMOOTH.AGAIN.RINSE 1Ltr,Sweet Squared,Kevin Murphy,Back Wash,Kevin Murphy,professional
YOUNG.AGAIN.RINSE 1Ltr,Sweet Squared,Kevin Murphy,Back Wash,Kevin Murphy,professional
BLONDE.ANGEL 1Ltr,Sweet Squared,Kevin Murphy,Back Wash,Kevin Murphy,professional
PLUMPING.WASH 1Ltr,Sweet Squared,Kevin Murphy,Back Wash,Kevin Murphy,professional
TBH Tone Softener ,Henkel,Schwarzkopf,Colour,TBH,professional
IGORA Colour10 9-5,Henkel,Schwarzkopf,Colour,Col10,professional
IGORA Royal Vibrance 5-7,Henkel,Schwarzkopf,Colour,Vibrance,professional
IGORA Colour10  6-0,Henkel,Schwarzkopf,Colour,Col10,professional
IGORA Colour10 8-11,Henkel,Schwarzkopf,Colour,Col10,professional
IGORA Colour10 5-1,Henkel,Schwarzkopf,Colour,Col10,professional
IGORA Royal Vibrance 6-68,Henkel,Schwarzkopf,Colour,Vibrance,professional
IGORA Colour10 7-00,Henkel,Schwarzkopf,Colour,Col10,professional
Silver foil (box of 3) 90m Plain,Henkel,Schwarzkopf,Sundries,Foil,professional
bc fiber clinix trbond shampoo all hair types,Henkel,Schwarzkopf,Back Wash,BC,professional
BM Tone Enhancing Bonding Shampoo Cool Blondes 1000ml,Henkel,Schwarzkopf,Back Wash,BlondMe,professional
bc fibre clinix peptide repair booster,Henkel,Schwarzkopf,Back Wash,BC,professional
Peptide Repair Rescue Treatment Deep Nourishing,Henkel,Schwarzkopf,Back Wash,BC,professional
bc fibre clinix tribond treatment for fine hair,Henkel,Schwarzkopf,Back Wash,BC,professional
Hyaluronic Moisture Kick shampoo,Henkel,Schwarzkopf,Back Wash,BC,professional
pH 4.5 Color Freeze Silver Shampoo,Henkel,Schwarzkopf,Back Wash,BC,professional
c10 7-1,Henkel,Schwarzkopf,Colour,Col10,professional
YOUNG.AGAIN OIL,Sweet Squared,Kevin Murphy,Hair Products,Kevin Murphy,professional
ANTI.GRAVITY.SPRAY,Sweet Squared,Kevin Murphy,Hair Products,Kevin Murphy,professional
STAYING.ALIVE,Sweet Squared,Kevin Murphy,Hair Products,Kevin Murphy,professional
UN.TANGLED,Sweet Squared,Kevin Murphy,Hair Products,Kevin Murphy,professional
BODY.MASS,Sweet Squared,Kevin Murphy,Hair Products,Kevin Murphy,professional
SHIMMER.ME BLONDE,Sweet Squared,Kevin Murphy,Hair Products,Kevin Murphy,professional
IGORA Royal FL L-44,Henkel,Schwarzkopf,Colour,Royal,professional
OSiS Session Label Super Dry Fix 300ml,Henkel,Schwarzkopf,Hair Products,Osis,professional
Osis Elastic 500ml,Henkel,Schwarzkopf,Hair Products,Osis,professional
hyaluronic moisture kick micellar spray conditioner,Henkel,Schwarzkopf,Hair Products,BC,professional
Bold Wash Purple,Henkel,Schwarzkopf,Hair Products,,professional
blondme blush wash strawberry,Henkel,Schwarzkopf,Hair Products,BlondMe,professional
Keratin smooth perfect micellar shampoo,Henkel,Schwarzkopf,Hair Products,BC,professional
Osis Blow & Go 200ml,Henkel,Schwarzkopf,Hair Products,Osis,professional
peptide repair rescue sealed ends,Henkel,Schwarzkopf,Hair Products,BC,professional
Osis Flatliner 200ml,Henkel,Schwarzkopf,Hair Products,Osis,professional
IGORA COLOR10 8-4,Henkel,Schwarzkopf,Colour,Col10,professional
VIBRANCE 6-16,Henkel,Schwarzkopf,Colour,Vibrance,professional
VIBRANCE 5-16,Henkel,Schwarzkopf,Colour,Vibrance,professional
"Chro ID Retail Mask 9,5-1",Henkel,Schwarzkopf,Hair Products,Chroma ID,professional
Chro ID Bold Pink ,Henkel,Schwarzkopf,Hair Products,Chroma ID,professional
"Chro ID Large Classic 9,5-1",Henkel,Schwarzkopf,Hair Products,Chroma ID,professional
Chro ID Bold Purple ,Henkel,Schwarzkopf,Hair Products,Chroma ID,professional
Hair Extention Brush,Balmain,Balmain,Hair Tools,Balmain,retail
Diva wand  25-13mm,Salons Direct,Diva,Hair Tools,Diva,retail
GHD Air Hairdryer,Jamella,GHD,Hair Tools,GHD,retail
GHD Platinium,Jamella,GHD,Hair Tools,GHD,retail
ghd Gold professional styler,Jamella,GHD,Hair Tools,GHD,retail
ghd air professional hairdryer,Jamella,GHD,Hair Tools,GHD,retail
ghd flight ,Jamella,GHD,Hair Tools,GHD,retail
ghd orginal professional styler,Jamella,GHD,Hair Tools,GHD,retail
Xmas Pack Blushing.Bedroom,Sweet Squared,Kevin Murphy,Hair Products,Kevin Murphy,retail
Xmas Pack Fresh.Blonde ,Sweet Squared,Kevin Murphy,Hair Products,Kevin Murphy,retail
Xmas Pack Make mine a mini Stimulate,Sweet Squared,Kevin Murphy,Hair Products,Kevin Murphy,retail
Xmas Pack Shine.Bright,Sweet Squared,Kevin Murphy,Hair Products,Kevin Murphy,retail
Retouch.me,Sweet Squared,Kevin Murphy,Hair Products,Kevin Murphy,retail
Bedroom Hair Mini,Sweet Squared,Kevin Murphy,Hair Products,Kevin Murphy,retail
Bedroom.hair,Sweet Squared,Kevin Murphy,Hair Products,Kevin Murphy,retail
DOO.OVER 100ML (MED),Sweet Squared,Kevin Murphy,Hair Products,Kevin Murphy,retail
FREE.HOLD,Sweet Squared,Kevin Murphy,Hair Products,Kevin Murphy,retail
KEVIN.MURPHY BODYBUILDER 95ML (MED),Sweet Squared,Kevin Murphy,Hair Products,Kevin Murphy,retail
NIGHT.RIDER,Sweet Squared,Kevin Murphy,Hair Products,Kevin Murphy,retail
SESSION.SPRAY,Sweet Squared,Kevin Murphy,Hair Products,Kevin Murphy,retail
Session.Spray Flex ,Sweet Squared,Kevin Murphy,Hair Products,Kevin Murphy,retail
Session.Spray Flex (Medium),Sweet Squared,Kevin Murphy,Hair Products,Kevin Murphy,retail
Touchable Spray,Sweet Squared,Kevin Murphy,Hair Products,Kevin Murphy,retail
UN.DRESSED,Sweet Squared,Kevin Murphy,Hair Products,Kevin Murphy,retail
Young.Again: Dry Conditioner,Sweet Squared,Kevin Murphy,Hair Products,Kevin Murphy,retail
ANGEL.MASQUE,Sweet Squared,Kevin Murphy,Hair Products,Kevin Murphy,retail
ANGEL.RINSE,Sweet Squared,Kevin Murphy,Hair Products,Kevin Murphy,retail
ANGEL.WASH,Sweet Squared,Kevin Murphy,Hair Products,Kevin Murphy,retail
Angel.Wash,Sweet Squared,Kevin Murphy,Hair Products,Kevin Murphy,retail
BLONDE.ANGEL,Sweet Squared,Kevin Murphy,Hair Products,Kevin Murphy,retail
BLONDE.ANGEL.WASH,Sweet Squared,Kevin Murphy,Hair Products,Kevin Murphy,retail
BODY.BUILDER,Sweet Squared,Kevin Murphy,Hair Products,Kevin Murphy,retail
Cool.Angel,Sweet Squared,Kevin Murphy,Hair Products,Kevin Murphy,retail
Crystal.Angel,Sweet Squared,Kevin Murphy,Hair Products,Kevin Murphy,retail
DOO.OVER,Sweet Squared,Kevin Murphy,Hair Products,Kevin Murphy,retail
HYDRATE-ME.RINSE,Sweet Squared,Kevin Murphy,Hair Products,Kevin Murphy,retail
HYDRATE-ME.WASH,Sweet Squared,Kevin Murphy,Hair Products,Kevin Murphy,retail
KILLER.CURLS,Sweet Squared,Kevin Murphy,Hair Products,Kevin Murphy,retail
LEAVE-IN.REPAIR,Sweet Squared,Kevin Murphy,Hair Products,Kevin Murphy,retail
MAXI.WASH,Sweet Squared,Kevin Murphy,Hair Products,Kevin Murphy,retail
PLUMPING.RINSE,Sweet Squared,Kevin Murphy,Hair Products,Kevin Murphy,retail
PLUMPING.WASH,Sweet Squared,Kevin Murphy,Hair Products,Kevin Murphy,retail
Plumping.Rinse,Sweet Squared,Kevin Murphy,Hair Products,Kevin Murphy,retail
Plumping.Wash,Sweet Squared,Kevin Murphy,Hair Products,Kevin Murphy,retail
REPAIR-ME.RINSE,Sweet Squared,Kevin Murphy,Hair Products,Kevin Murphy,retail
REPAIR-ME.WASH,Sweet Squared,Kevin Murphy,Hair Products,Kevin Murphy,retail
SMOOTH.AGAIN.RINSE,Sweet Squared,Kevin Murphy,Hair Products,Kevin Murphy,retail
SMOOTH.AGAIN.WASH,Sweet Squared,Kevin Murphy,Hair Products,Kevin Murphy,retail
STIMULATE-ME.RINSE,Sweet Squared,Kevin Murphy,Hair Products,Kevin Murphy,retail
STIMULATE-ME.WASH,Sweet Squared,Kevin Murphy,Hair Products,Kevin Murphy,retail
YOUNG.AGAIN OIL,Sweet Squared,Kevin Murphy,Hair Products,Kevin Murphy,retail
YOUNG.AGAIN.MASQUE,Sweet Squared,Kevin Murphy,Hair Products,Kevin Murphy,retail
YOUNG.AGAIN.RINSE,Sweet Squared,Kevin Murphy,Hair Products,Kevin Murphy,retail
YOUNG.AGAIN.WASH,Sweet Squared,Kevin Murphy,Hair Products,Kevin Murphy,retail
hydrate-me.rinse 458ml,Sweet Squared,Kevin Murphy,Hair Products,Kevin Murphy,retail
mini Angel.Rinse,Sweet Squared,Kevin Murphy,Hair Products,Kevin Murphy,retail
mini Angel.Wash,Sweet Squared,Kevin Murphy,Hair Products,Kevin Murphy,retail
mini Blone.Angel.Wash,Sweet Squared,Kevin Murphy,Hair Products,Kevin Murphy,retail
mini Hydrate-Me.Rinse,Sweet Squared,Kevin Murphy,Hair Products,Kevin Murphy,retail
mini Hydrate-Me.Wash,Sweet Squared,Kevin Murphy,Hair Products,Kevin Murphy,retail
mini Maxi.Wash,Sweet Squared,Kevin Murphy,Hair Products,Kevin Murphy,retail
mini Repair-Me.Rinse,Sweet Squared,Kevin Murphy,Hair Products,Kevin Murphy,retail
mini Repair-Me.Wash,Sweet Squared,Kevin Murphy,Hair Products,Kevin Murphy,retail
mini Smooth.Again.Rinse,Sweet Squared,Kevin Murphy,Hair Products,Kevin Murphy,retail
mini Smooth.Again.Wash,Sweet Squared,Kevin Murphy,Hair Products,Kevin Murphy,retail
mini Young.Again.Masque,Sweet Squared,Kevin Murphy,Hair Products,Kevin Murphy,retail
mini Young.Again.Rinse,Sweet Squared,Kevin Murphy,Hair Products,Kevin Murphy,retail
ANTI.GRAVITY,Sweet Squared,Kevin Murphy,Hair Products,Kevin Murphy,retail
ANTI.GRAVITY.SPRAY,Sweet Squared,Kevin Murphy,Hair Products,Kevin Murphy,retail
BODY.MASS,Sweet Squared,Kevin Murphy,Hair Products,Kevin Murphy,retail
EVER.SMOOTH,Sweet Squared,Kevin Murphy,Hair Products,Kevin Murphy,retail
FULL.AGAIN,Sweet Squared,Kevin Murphy,Hair Products,Kevin Murphy,retail
HAIR.RESORT.SPRAY,Sweet Squared,Kevin Murphy,Hair Products,Kevin Murphy,retail
Heated.Defense,Sweet Squared,Kevin Murphy,Hair Products,Kevin Murphy,retail
Killer.Waves,Sweet Squared,Kevin Murphy,Hair Products,Kevin Murphy,retail
Mini Young.Again oil,Sweet Squared,Kevin Murphy,Hair Products,Kevin Murphy,retail
SHIMMER.ME BLONDE,Sweet Squared,Kevin Murphy,Hair Products,Kevin Murphy,retail
SHIMMER.SHINE,Sweet Squared,Kevin Murphy,Hair Products,Kevin Murphy,retail
THICK.AGAIN,Sweet Squared,Kevin Murphy,Hair Products,Kevin Murphy,retail
UN.TANGLED,Sweet Squared,Kevin Murphy,Hair Products,Kevin Murphy,retail
mini Anti.Gravity,Sweet Squared,Kevin Murphy,Hair Products,Kevin Murphy,retail
Olaplex No4 Bond Maintainer Shampoo,Aston & Fincher,Olaplex,Hair Products,Olaplex,retail
Olaplex No5 Bond Maintainer Conditioner,Aston & Fincher,Olaplex,Hair Products,Olaplex,retail
Olaplex hair perfector No3,Aston & Fincher,Olaplex,Hair Products,Olaplex,retail
Boho Rebel-Dark,Henkel,Schwarzkopf,Hair Products,Osis,retail
OSIS+ Fresh Texture Foam ,Henkel,Schwarzkopf,Hair Products,Osis,retail
OSiS Session Label Powder Cloud 8g,Henkel,Schwarzkopf,Hair Products,Osis,retail
OSiS Session Label Super Dry Fix 300ml,Henkel,Schwarzkopf,Hair Products,Osis,retail
OSiS Session Label Super Dry Flex 300ml,Henkel,Schwarzkopf,Hair Products,Osis,retail
Osis Dust It 10gr,Henkel,Schwarzkopf,Hair Products,Osis,retail
Osis Elastic 300ml,Henkel,Schwarzkopf,Hair Products,Osis,retail
Osis Elastic 500ml,Henkel,Schwarzkopf,Hair Products,Osis,retail
Osis Flexwax 85ml,Henkel,Schwarzkopf,Hair Products,Osis,retail
Osis Freeze 300ml,Henkel,Schwarzkopf,Hair Products,Osis,retail
Osis Freeze 500ml,Henkel,Schwarzkopf,Hair Products,Osis,retail
Osis Mess Up 100ml,Henkel,Schwarzkopf,Hair Products,Osis,retail
Osis Mighty Matte 85ml,Henkel,Schwarzkopf,Hair Products,Osis,retail
Osis Refresh Dust 300ml,Henkel,Schwarzkopf,Hair Products,Osis,retail
Osis Session 500ml,Henkel,Schwarzkopf,Hair Products,Osis,retail
Osis Sparkler 300ml,Henkel,Schwarzkopf,Hair Products,Osis,retail
Osis Thrill 100ml,Henkel,Schwarzkopf,Hair Products,Osis,retail
Osis Volume Up 250ml,Henkel,Schwarzkopf,Hair Products,Osis,retail
Osis Whipped Wax 85ml,Henkel,Schwarzkopf,Hair Products,Osis,retail
Session Label: Super Dry Fix ,Henkel,Schwarzkopf,Hair Products,Osis,retail
Texture Craft ,Henkel,Schwarzkopf,Hair Products,Osis,retail
hyaluronic moisture kick micellar bb hydra pearl,Henkel,Schwarzkopf,Hair Products,BC,retail
osis session mini,Henkel,Schwarzkopf,Hair Products,Osis,retail
BC Color Freeze Silver Shampoo 250ml,Henkel,Schwarzkopf,Hair Products,BC,retail
BC Moisture Kick Spray Conditioner 200ml,Henkel,Schwarzkopf,Hair Products,BC,retail
BC Repair Rescue Conditioner 200ml,Henkel,Schwarzkopf,Hair Products,BC,retail
BM Keratin Restore Bonding Mask All Blondes 200ml,Henkel,Schwarzkopf,Hair Products,BC,retail
Bold Wash Blue,Henkel,Schwarzkopf,Hair Products,BC,retail
Bold Wash Pink,Henkel,Schwarzkopf,Hair Products,BC,retail
Bold Wash Purple,Henkel,Schwarzkopf,Hair Products,BC,retail
Bold Wash Red,Henkel,Schwarzkopf,Hair Products,BC,retail
FIBRE CLINIX Tame Conditioner,Henkel,Schwarzkopf,Hair Products,Fibre Clinix,retail
FIBRE CLINIX Tame Shampoo,Henkel,Schwarzkopf,Hair Products,Fibre Clinix,retail
FIBRE CLINIX Tame Treatment,Henkel,Schwarzkopf,Hair Products,Fibre Clinix,retail
Keratin Smooth Perfect: Duo Layering,Henkel,Schwarzkopf,Hair Products,BC,retail
Keratin smooth perfect conditioner,Henkel,Schwarzkopf,Hair Products,BC,retail
Keratin smooth perfect micellar shampoo,Henkel,Schwarzkopf,Hair Products,BC,retail
Keratin smooth perfect treatment,Henkel,Schwarzkopf,Hair Products,BC,retail
PH 4.5 Color Freeze: Chocolate Micellar Shampoo,Henkel,Schwarzkopf,Hair Products,BC,retail
Peptide Repair Rescue : Blow-Defence,Henkel,Schwarzkopf,Hair Products,BC,retail
UV Filter Color Freeze : Liquid Shine ,Henkel,Schwarzkopf,Hair Products,BC,retail
blondeme blush wash silver,Henkel,Schwarzkopf,Hair Products,BlondMe,retail
blondme blush wash apricot,Henkel,Schwarzkopf,Hair Products,BlondMe,retail
blondme blush wash lilac,Henkel,Schwarzkopf,Hair Products,BlondMe,retail
blondme blush wash strawberry,Henkel,Schwarzkopf,Hair Products,BlondMe,retail
collagen volume boost micellar shampoo,Henkel,Schwarzkopf,Hair Products,BC,retail
collagen volume boost whipped conditioner,Henkel,Schwarzkopf,Hair Products,BC,retail
hyaluronic moisture kick micellar cleansing conditioner,Henkel,Schwarzkopf,Hair Products,BC,retail
hyaluronic moisture kick micellar conditioner,Henkel,Schwarzkopf,Hair Products,BC,retail
hyaluronic moisture kick micellar spray conditioner,Henkel,Schwarzkopf,Hair Products,BC,retail
hyaluronic moisture kick micellar treatment,Henkel,Schwarzkopf,Hair Products,BC,retail
pH 4.5 Colour Freeze Conditioner,Henkel,Schwarzkopf,Hair Products,BC,retail
pH 4.5 Colour Freeze Gold Shimmer Micellar Shampoo,Henkel,Schwarzkopf,Hair Products,BC,retail
pH 4.5 Colour Freeze Rich Micellar Shampoo,Henkel,Schwarzkopf,Hair Products,BC,retail
pH 4.5 Colour Freeze Silver Micellar Shampoo,Henkel,Schwarzkopf,Hair Products,BC,retail
pH 4.5 Colour Freeze Spray Conditioner,Henkel,Schwarzkopf,Hair Products,BC,retail
pH 4.5 Colour Freeze Sulfate Free Micellar Shampoo,Henkel,Schwarzkopf,Hair Products,BC,retail
pH 4.5 Colour Freeze Vibrant Red Micellar Shampoo,Henkel,Schwarzkopf,Hair Products,BC,retail
peptide repair rescue conditioner,Henkel,Schwarzkopf,Hair Products,BC,retail
peptide repair rescue deep nourishing micellar shampoo,Henkel,Schwarzkopf,Hair Products,BC,retail
peptide repair rescue deep nourishing treatment,Henkel,Schwarzkopf,Hair Products,BC,retail
peptide repair rescue micellar shampoo,Henkel,Schwarzkopf,Hair Products,BC,retail
peptide repair rescue nutri-shield serum,Henkel,Schwarzkopf,Hair Products,BC,retail
peptide repair rescue spray conditioner,Henkel,Schwarzkopf,Hair Products,BC,retail
peptide repair rescue treatment,Henkel,Schwarzkopf,Hair Products,BC,retail
BC Oil Miracle Mist Fine Hair 100ml,Henkel,Schwarzkopf,Hair Products,BC,retail
BM Inst Blush Ice,Henkel,Schwarzkopf,Hair Products,BlondMe,retail
BM Inst Blush Strawberry,Henkel,Schwarzkopf,Hair Products,BlondMe,retail
Chro ID Retail Mask Clear,Henkel,Schwarzkopf,Hair Products,Chroma ID,retail
Good Bye Yellow neutralizing wash,Henkel,Schwarzkopf,Hair Products,BC,retail
OSiS Session Label Volumizing Mousse 200ml,Henkel,Schwarzkopf,Hair Products,Osis,retail
Osis Big Blast 200ml,Henkel,Schwarzkopf,Hair Products,Osis,retail
Osis Blow & Go 200ml,Henkel,Schwarzkopf,Hair Products,Osis,retail
Osis Fab Foam,Henkel,Schwarzkopf,Hair Products,Osis,retail
Osis Flatliner 200ml,Henkel,Schwarzkopf,Hair Products,Osis,retail
Osis Tame Wild 150ml,Henkel,Schwarzkopf,Hair Products,Osis,retail
Osis Topped Up,Henkel,Schwarzkopf,Hair Products,Osis,retail
hyaluronic moisture kick micellar Shampoo,Henkel,Schwarzkopf,Hair Products,BC,retail
peptide repair rescue sealed ends,Henkel,Schwarzkopf,Hair Products,BC,retail
FIBRE CLINIX Hydrate Shampoo,Henkel,Schwarzkopf,Hair Products,Fibre Clinix,retail
Xmas Pack Colour Freeze ,Henkel,Schwarzkopf,Hair Products,BC,retail
Xmas Pack Moisture Kick,Henkel,Schwarzkopf,Hair Products,BC,retail
Chro ID Bold Pink ,Henkel,Schwarzkopf,Hair Products,Chroma ID,retail
Chro ID Bold Red,Henkel,Schwarzkopf,Hair Products,Chroma ID,retail
Chro ID Large Classic 7-77,Henkel,Schwarzkopf,Hair Products,Chroma ID,retail
"Chro ID Large Classic 9,5-1",Henkel,Schwarzkopf,Hair Products,Chroma ID,retail
Chro ID Retail Mask 6-12,Henkel,Schwarzkopf,Hair Products,Chroma ID,retail
Chro ID Retail Mask 7-77,Henkel,Schwarzkopf,Hair Products,Chroma ID,retail
"Chro ID Retail Mask 9,5-1",Henkel,Schwarzkopf,Hair Products,Chroma ID,retail
"Chro ID Retail Mask 9,5-4",Henkel,Schwarzkopf,Hair Products,Chroma ID,retail