product,supplier,brand,category,sub-brand,Retail
BM Premi Lift 9+,Henkel,Schwarzkopf,Bleach,BlondMe,
Igora Vario Blond Plus ,Henkel,Schwarzkopf,Bleach,Vario,
Igora Vario Blond Super Plus ,Henkel,Schwarzkopf,Bleach,Vario,
Vibrance Lotion 4%,Henkel,Schwarzkopf,Developer,Vibrance,
IGORA Royal Oxigenta 6% 1 Litre,Henkel,Schwarzkopf,Developer,Royal,
IGORA Royal Oxigenta 9% 1 Litre,Henkel,Schwarzkopf,Developer,Royal,
BM Developer 2%,Henkel,Schwarzkopf,Developer,BlondMe,
IGORA Royal Oxigenta 12% 1 Litre,Henkel,Schwarzkopf,Developer,Royal,
BM Developer 9%,Henkel,Schwarzkopf,Developer,BlondMe,
Vibrance 1.9% lotion,Henkel,Schwarzkopf,Developer,Vibrance,
IGORA Royal Oxigenta 3% 1 Litre,Henkel,Schwarzkopf,Developer,Royal,
BM Developer 6%,Henkel,Schwarzkopf,Developer,BlondMe,
IGORA Royal 9-55,Henkel,Schwarzkopf,Colour,Royal,
"IGORA Royal 9,5-1",Henkel,Schwarzkopf,Colour,Royal,
IGORA Royal 10-14,Henkel,Schwarzkopf,Colour,Royal,
"Vibrance 9,5-19",Henkel,Schwarzkopf,Colour,Vibrance,
Vibrance 0-77,Henkel,Schwarzkopf,Colour,Vibrance,
Vibrance 4-46,Henkel,Schwarzkopf,Colour,Vibrance,
vibrance 7-57,Henkel,Schwarzkopf,Colour,Vibrance,
Vibrance 7-55,Henkel,Schwarzkopf,Colour,Vibrance,
IGORA Royal Opulescence 9-57,Henkel,Schwarzkopf,Colour,Royal,
TBH 9-06N,Henkel,Schwarzkopf,Colour,TBH,
IGORA Royal 5-88,Henkel,Schwarzkopf,Colour,Royal,
Igora dusted rouge 6-491,Henkel,Schwarzkopf,Colour,Royal,
IGORA Royal FL L-89,Henkel,Schwarzkopf,Colour,Royal,
IGORA Royal 0-77,Henkel,Schwarzkopf,Colour,Royal,
IGORA Color10 5-12,Henkel,Schwarzkopf,Colour,Royal,
"Vibrance 9,5-4",Henkel,Schwarzkopf,Colour,Vibrance,
IGORA Royal 6-6,Henkel,Schwarzkopf,Colour,Royal,
IGORA ROYAL OPULESCENCE 8-19,Henkel,Schwarzkopf,Colour,Royal,
IGORA Royal SW Grey Lilac,Henkel,Schwarzkopf,Colour,Royal,
IGORA Royal 5-68,Henkel,Schwarzkopf,Colour,Royal,
IGORA Royal 4-0,Henkel,Schwarzkopf,Colour,Royal,
IGORA Royal 0-89,Henkel,Schwarzkopf,Colour,Royal,
Vibrance 7-77,Henkel,Schwarzkopf,Colour,Vibrance,
Vibrance 3-0,Henkel,Schwarzkopf,Colour,Vibrance,
Vibrance 1-0,Henkel,Schwarzkopf,Colour,Vibrance,
Vibrance 8-19,Henkel,Schwarzkopf,Colour,Vibrance,
IGORA Royal 8-11,Henkel,Schwarzkopf,Colour,Royal,
Royal Ashy Cedar 7-21,Henkel,Schwarzkopf,Colour,Royal,
IGORA Royal 7-77,Henkel,Schwarzkopf,Colour,Royal,
"Vibrance 9,5-98",Henkel,Schwarzkopf,Colour,Vibrance,
Vibrance 7-0,Henkel,Schwarzkopf,Colour,Vibrance,
Vibrance 9-4,Henkel,Schwarzkopf,Colour,Vibrance,
IGORA Royal 10-4,Henkel,Schwarzkopf,Colour,Royal,
IGORA Royal 7-65,Henkel,Schwarzkopf,Colour,Royal,
Vibrance 4-13,Henkel,Schwarzkopf,Colour,Vibrance,
Vibrance 5-57,Henkel,Schwarzkopf,Colour,Vibrance,
Igora Royal 5-113,Henkel,Schwarzkopf,Colour,Royal,
IGORA Color10 7-12,Henkel,Schwarzkopf,Colour,Col10,
IGORA Color10 6-6,Henkel,Schwarzkopf,Colour,Col10,
IGORA Royal E-0,Henkel,Schwarzkopf,Colour,Royal,
IGORA Royal 8-00,Henkel,Schwarzkopf,Colour,Royal,
Igora dusted rouge 7-982,Henkel,Schwarzkopf,Colour,Royal,
IGORA Color10 8-65,Henkel,Schwarzkopf,Colour,Col10,
IGORA Color10 7-57,Henkel,Schwarzkopf,Colour,Col10,
IGORA Royal 5-63,Henkel,Schwarzkopf,Colour,Royal,
TBH 5-16 C,Henkel,Schwarzkopf,Colour,TBH,
BM toning ice,Henkel,Schwarzkopf,Colour,BlondMe,
IGORA Royal 12-1,Henkel,Schwarzkopf,Colour,Royal,
IGORA Royal 0-88,Henkel,Schwarzkopf,Colour,Royal,
Igora dusted rouge 8-849,Henkel,Schwarzkopf,Colour,Royal,
IGORA Royal 3-0,Henkel,Schwarzkopf,Colour,Royal,
TBH 9-16 C,Henkel,Schwarzkopf,Colour,TBH,
IGORA Royal 9-1,Henkel,Schwarzkopf,Colour,Royal,
IGORA Royal 7-57,Henkel,Schwarzkopf,Colour,Royal,
IGORA Royal 8-77,Henkel,Schwarzkopf,Colour,Royal,
IGORA Royal Nude 4-46,Henkel,Schwarzkopf,Colour,Royal,
IGORA Color 10 3-0,Henkel,Schwarzkopf,Colour,Royal,
Vibrance 9-57,Henkel,Schwarzkopf,Colour,Vibrance,
"IGORA Royal P 9,5-29",Henkel,Schwarzkopf,Colour,Royal,
Vibrance 6-63,Henkel,Schwarzkopf,Colour,Vibrance,
IGORA Royal 12-4,Henkel,Schwarzkopf,Colour,Royal,
IGORA Royal 5-99,Henkel,Schwarzkopf,Colour,Royal,
IGORA Royal 6-12,Henkel,Schwarzkopf,Colour,Royal,
IGORA Color10 5-5,Henkel,Schwarzkopf,Colour,Royal,
IGORA Royal 4-6,Henkel,Schwarzkopf,Colour,Royal,
Vibrance 7-48,Henkel,Schwarzkopf,Colour,Vibrance,
IGORA Royal 5-65,Henkel,Schwarzkopf,Colour,Royal,
IGORA Royal FL L-77,Henkel,Schwarzkopf,Colour,Royal,
TBH 7-49 C,Henkel,Schwarzkopf,Colour,TBH,
IGORA Color10 6-00,Henkel,Schwarzkopf,Colour,Royal,
IGORA Royal ABS 8-01,Henkel,Schwarzkopf,Colour,Royal,
Vibrance 9-65,Henkel,Schwarzkopf,Colour,Vibrance,
Vibrance 8-0,Henkel,Schwarzkopf,Colour,Vibrance,
"Vibrance 9,5-21",Henkel,Schwarzkopf,Colour,Vibrance,
IGORA Royal SW Slate Grey,Henkel,Schwarzkopf,Colour,Royal,
BM toning caramel,Henkel,Schwarzkopf,Colour,BlondMe,
IGORA Royal 9-98,Henkel,Schwarzkopf,Colour,Royal,
BM toning sand,Henkel,Schwarzkopf,Colour,BlondMe,
TBH 6-19 C,Henkel,Schwarzkopf,Colour,TBH,
IGORA Royal ABS 7-450,Henkel,Schwarzkopf,Colour,Royal,
IGORA Royal 9-7,Henkel,Schwarzkopf,Colour,Royal,
"IGORA Royal P 9,5-89",Henkel,Schwarzkopf,Colour,Royal,
Vibrance 5-1,Henkel,Schwarzkopf,Colour,Vibrance,
TBH 5-06N,Henkel,Schwarzkopf,Colour,TBH,
Vibrance 9-0,Henkel,Schwarzkopf,Colour,Vibrance,
IGORA Royal ABS 9-50,Henkel,Schwarzkopf,Colour,Royal,
IGORA Royal 12-46,Henkel,Schwarzkopf,Colour,Royal,
IGORA Royal D-0,Henkel,Schwarzkopf,Colour,Royal,
Igora Royal 3-222,Henkel,Schwarzkopf,Colour,Royal,
BM toning apricot,Henkel,Schwarzkopf,Colour,BlondMe,
IGORA Royal P 11-89,Henkel,Schwarzkopf,Colour,Royal,
IGORA Color10 6-65,Henkel,Schwarzkopf,Colour,Royal,
Vibrance 4-6,Henkel,Schwarzkopf,Colour,Vibrance,
IGORA Royal 7-1,Henkel,Schwarzkopf,Colour,Royal,
"Vibrance 9,5-1",Henkel,Schwarzkopf,Colour,Vibrance,
IGORA Royal 6-65,Henkel,Schwarzkopf,Colour,Royal,
BM toning lilac,Henkel,Schwarzkopf,Colour,BlondMe,
IGORA Royal 7-00,Henkel,Schwarzkopf,Colour,Royal,
IGORA Royal 6-99,Henkel,Schwarzkopf,Colour,Royal,
Vibrance Ashy Cedar 5-21,Henkel,Schwarzkopf,Colour,Vibrance,
BM toning steel blue,Henkel,Schwarzkopf,Colour,BlondMe,
Vibrance 9-7,Henkel,Schwarzkopf,Colour,Vibrance,
igora dusted rouge 9-674,Henkel,Schwarzkopf,Colour,Royal,
IGORA Royal 0-11,Henkel,Schwarzkopf,Colour,Royal,
IGORA Color10 4-99,Henkel,Schwarzkopf,Colour,Col10,
IGORA Color10 8-00,Henkel,Schwarzkopf,Colour,Col10,
IGORA Royal SW Silver,Henkel,Schwarzkopf,Colour,Royal,
IGORA Royal 0-22,Henkel,Schwarzkopf,Colour,Royal,
IGORA Royal ABS 7-710,Henkel,Schwarzkopf,Colour,Royal,
IGORA Royal 8-0,Henkel,Schwarzkopf,Colour,Royal,
IGORA Royal 5-7,Henkel,Schwarzkopf,Colour,Royal,
IGORA Royal 9-00,Henkel,Schwarzkopf,Colour,Royal,
Igora dusted rouge 7-764,Henkel,Schwarzkopf,Colour,Royal,
IGORA Color10 7-5,Henkel,Schwarzkopf,Colour,Col10,
vibrance 0-22,Henkel,Schwarzkopf,Colour,Col10,
"IGORA Royal 9,5-49",Henkel,Schwarzkopf,Colour,Royal,
IGORA Royal 10-1,Henkel,Schwarzkopf,Colour,Royal,
IGORA Royal 5-4,Henkel,Schwarzkopf,Colour,Royal,
IGORA Royal 6-68,Henkel,Schwarzkopf,Colour,Royal,
Igora Royal 5-819,Henkel,Schwarzkopf,Colour,Royal,
IGORA Royal 0-99,Henkel,Schwarzkopf,Colour,Royal,
IGORA Royal 6-00,Henkel,Schwarzkopf,Colour,Royal,
IGORA Royal 6-88,Henkel,Schwarzkopf,Colour,Royal,
IGORA Royal 8-4,Henkel,Schwarzkopf,Colour,Royal,
IGORA Royal FL L-49,Henkel,Schwarzkopf,Colour,Royal,
IGORA Royal Nude 7-46,Henkel,Schwarzkopf,Colour,Royal,
TBH 10-51 C,Henkel,Schwarzkopf,Colour,TBH,
IGORA Color10 9-00,Henkel,Schwarzkopf,Colour,Col10,
IGORA Color10 7-0,Henkel,Schwarzkopf,Colour,Col10,
IGORA Color10 4-6,Henkel,Schwarzkopf,Colour,Col10,
IGORA Royal 4-99,Henkel,Schwarzkopf,Colour,Royal,
IGORA Royal 7-0,Henkel,Schwarzkopf,Colour,Royal,
Vibrance 4-68,Henkel,Schwarzkopf,Colour,Vibrance,
Vibrance 5-00,Henkel,Schwarzkopf,Colour,Vibrance,
IGORA Royal 5-6,Henkel,Schwarzkopf,Colour,Royal,
IGORA Royal 5-00,Henkel,Schwarzkopf,Colour,Royal,
IGORA Royal P 6-89,Henkel,Schwarzkopf,Colour,Royal,
Vibrance 5-67,Henkel,Schwarzkopf,Colour,Vibrance,
IGORA Royal 6-4,Henkel,Schwarzkopf,Colour,Royal,
IGORA Royal 7-4,Henkel,Schwarzkopf,Colour,Royal,
IGORA Color10 6-88,Henkel,Schwarzkopf,Colour,Col10,
Vibrance 9-55,Henkel,Schwarzkopf,Colour,Vibrance,
IGORA Royal E-1,Henkel,Schwarzkopf,Colour,Royal,
Vibrance 7-4,Henkel,Schwarzkopf,Colour,Vibrance,
IGORA Royal 9-0,Henkel,Schwarzkopf,Colour,Royal,
Vibrance 5-65,Henkel,Schwarzkopf,Colour,Vibrance,
"Vibrance 9,5-46",Henkel,Schwarzkopf,Colour,Vibrance,
IGORA Royal 9-4,Henkel,Schwarzkopf,Colour,Royal,
"IGORA Royal 9,5-22",Henkel,Schwarzkopf,Colour,Royal,
TBH 9-49 C,Henkel,Schwarzkopf,Colour,TBH,
Vibrance 7-1,Henkel,Schwarzkopf,Colour,Vibrance,
IGORA Royal 8-55,Henkel,Schwarzkopf,Colour,Royal,
Igora Royal 6-299,Henkel,Schwarzkopf,Colour,Royal,
Vibrance 0-55,Henkel,Schwarzkopf,Colour,Vibrance,
Vibrance 0-00,Henkel,Schwarzkopf,Colour,Vibrance,
IGORA Royal Nude 6-46,Henkel,Schwarzkopf,Colour,Royal,
Vibrance 8-11,Henkel,Schwarzkopf,Colour,Vibrance,
IGORA Royal 6-5,Henkel,Schwarzkopf,Colour,Royal,
IGORA Royal 5-5,Henkel,Schwarzkopf,Colour,Royal,
Vibrance 7-65,Henkel,Schwarzkopf,Colour,Vibrance,
IGORA Royal 10-0,Henkel,Schwarzkopf,Colour,Royal,
IGORA Royal ABS 8-50,Henkel,Schwarzkopf,Colour,Absolute,
Vibrance 0-33,Henkel,Schwarzkopf,Colour,Vibrance,
"Vibrance 9,5-49",Henkel,Schwarzkopf,Colour,Vibrance,
IGORA Royal 8-65,Henkel,Schwarzkopf,Colour,Royal,
IGORA Royal 5-0,Henkel,Schwarzkopf,Colour,Royal,
Vibrance 7-00,Henkel,Schwarzkopf,Colour,Vibrance,
IGORA Royal FL L-88,Henkel,Schwarzkopf,Colour,Royal,
TBH 7-16 C,Henkel,Schwarzkopf,Colour,TBH,
Vibrance 5-7,Henkel,Schwarzkopf,Colour,Vibrance,
Vibrance 6-78,Henkel,Schwarzkopf,Colour,Vibrance,
IGORA Royal Opulescence 5-67,Henkel,Schwarzkopf,Colour,Royal,
IGORA ROYAL OPULESCENCE 6-78,Henkel,Schwarzkopf,Colour,Royal,
Vibrance 6-6,Henkel,Schwarzkopf,Colour,Vibrance,
disheveled nudes 9-567,Henkel,Schwarzkopf,Colour,Royal,
IGORA Color10 7-7,Henkel,Schwarzkopf,Colour,Col10,
BM Lifting Ice-Irise,Henkel,Schwarzkopf,Colour,BlondMe,
IGORA Royal SW Dove Grey,Henkel,Schwarzkopf,Colour,Royal,
IGORA Royal 6-77,Henkel,Schwarzkopf,Colour,Royal,
disheveled nudes 8-211,Henkel,Schwarzkopf,Colour,Royal,
IGORA Color10 6-4,Henkel,Schwarzkopf,Colour,Col10,
Vibrance 0-88,Henkel,Schwarzkopf,Colour,Vibrance,
IGORA Royal 4-13,Henkel,Schwarzkopf,Colour,Royal,
IGORA Royal 8-1,Henkel,Schwarzkopf,Colour,Royal,
IGORA Royal 1-0,Henkel,Schwarzkopf,Colour,Royal,
IGORA Color10 9-12,Henkel,Schwarzkopf,Colour,Col10,
IGORA Royal 6-0,Henkel,Schwarzkopf,Colour,Royal,
IGORA Royal 1-1,Henkel,Schwarzkopf,Colour,Royal,
TBH 10-19 C,Henkel,Schwarzkopf,Colour,TBH,
Vibrance 0-11,Henkel,Schwarzkopf,Colour,Vibrance,
IGORA Royal Nude 8-46,Henkel,Schwarzkopf,Colour,Royal,
"IGORA Royal 9,5-4",Henkel,Schwarzkopf,Colour,Royal,
Vibrance 9-1,Henkel,Schwarzkopf,Colour,Vibrance,
IGORA Royal 4-88,Henkel,Schwarzkopf,Colour,Royal,
IGORA Color10 4-88,Henkel,Schwarzkopf,Colour,Col10,
Vibrance Ashy Cedar 7-21,Henkel,Schwarzkopf,Colour,Vibrance,
Vibrance 9-00,Henkel,Schwarzkopf,Colour,Vibrance,
Igora dusted rouge 5-869,Henkel,Schwarzkopf,Colour,Royal,
Igora Royal 4-998,Henkel,Schwarzkopf,Colour,Royal,
Vibrance 6-99,Henkel,Schwarzkopf,Colour,Vibrance,
Vibrance 6-46,Henkel,Schwarzkopf,Colour,Vibrance,
IGORA Royal 4-65,Henkel,Schwarzkopf,Colour,Royal,
"Vibrance 9,5-5",Henkel,Schwarzkopf,Colour,Vibrance,
Vibrance 6-68,Henkel,Schwarzkopf,Colour,Vibrance,
IGORA ROYAL OPULESCENCE 7-48,Henkel,Schwarzkopf,Colour,Royal,
IGORA Royal Nude 10-46,Henkel,Schwarzkopf,Colour,Royal,
IGORA Royal 7-55,Henkel,Schwarzkopf,Colour,Royal,
IGORA Royal 6-1,Henkel,Schwarzkopf,Colour,Royal,
Vibrance 6-12,Henkel,Schwarzkopf,Colour,Vibrance,
IGORA Royal 5-57,Henkel,Schwarzkopf,Colour,Royal,
IGORA Royal 5-1,Henkel,Schwarzkopf,Colour,Royal,
Vibrance 8-46,Henkel,Schwarzkopf,Colour,Vibrance,
IGORA Royal 4-68,Henkel,Schwarzkopf,Colour,Royal,
BM Bleach & tone Cool Addative,Henkel,Schwarzkopf,Colour,BlondMe,
BM Bleach & tone pastel additive,Henkel,Schwarzkopf,Colour,BlondMe,
Vibrance 4-0,Henkel,Schwarzkopf,Colour,Vibrance,
disheveled nudes 8-176,Henkel,Schwarzkopf,Colour,Royal,
Vibrance 5-4,Henkel,Schwarzkopf,Colour,Vibrance,
Vibrance 6-0,Henkel,Schwarzkopf,Colour,Vibrance,
TBH 8-06N,Henkel,Schwarzkopf,Colour,TBH,
IGORA Royal 12-0,Henkel,Schwarzkopf,Colour,Royal,
IGORA Royal 0-55,Henkel,Schwarzkopf,Colour,Royal,
IGORA Color10 5-0,Henkel,Schwarzkopf,Colour,Royal,
BM toning strawberry,Henkel,Schwarzkopf,Colour,BlondMe,
IGORA Color10 9-0,Henkel,Schwarzkopf,Colour,Col10,
Vibrance 5-0,Henkel,Schwarzkopf,Colour,Vibrance,
IGORA Royal 9-65,Henkel,Schwarzkopf,Colour,Royal,
TBH 8-19 C,Henkel,Schwarzkopf,Colour,TBH,
gloves large,Gompels,ProForm,Sundries,Gloves,
gloves small,Gompels,ProForm,Sundries,Gloves,
Joico Red,?,Joico,Colour Other,Crazy Colour,
Joico Yellow,?,Joico,Colour Other,Crazy Colour,
Joico Pink,?,Joico,Colour Other,Crazy Colour,
Joico Sapphire Blue,?,Joico,Colour Other,Crazy Colour,
Cool.Angel,Sweet Squared,Kevin Murphy,Retail,Kevin Murphy,1
Sugared.Angel,Sweet Squared,Kevin Murphy,Retail,Kevin Murphy,1
Crystal.Angel,Sweet Squared,Kevin Murphy,Retail,Kevin Murphy,1
Autumn.Angel,Sweet Squared,Kevin Murphy,Retail,Kevin Murphy,1
Stimulate-me.rinse,Sweet Squared,Kevin Murphy,Back Wash,Kevin Murphy,
ANGEL.RINSE 1Ltr,Sweet Squared,Kevin Murphy,Back Wash,Kevin Murphy,
BLONDE.ANGEL.WASH 1Ltr,Sweet Squared,Kevin Murphy,Back Wash,Kevin Murphy,
YOUNG.AGAIN.MASQUE 1Ltr,Sweet Squared,Kevin Murphy,Back Wash,Kevin Murphy,
ANGEL.WASH 1Ltr,Sweet Squared,Kevin Murphy,Back Wash,Kevin Murphy,
REPAIR.ME.RINSE 1Ltr,Sweet Squared,Kevin Murphy,Back Wash,Kevin Murphy,
REPAIR.ME.WASH 1Ltr,Sweet Squared,Kevin Murphy,Back Wash,Kevin Murphy,
HYDRATE.ME.RINSE 1Ltr,Sweet Squared,Kevin Murphy,Back Wash,Kevin Murphy,
RE.STORE cleansing treatment 1Ltr,Sweet Squared,Kevin Murphy,Back Wash,Kevin Murphy,
MAXI.WASH 1Ltr,Sweet Squared,Kevin Murphy,Back Wash,Kevin Murphy,
SMOOTH.AGAIN.WASH 1Ltr,Sweet Squared,Kevin Murphy,Back Wash,Kevin Murphy,
YOUNG.AGAIN.WASH 1Ltr,Sweet Squared,Kevin Murphy,Back Wash,Kevin Murphy,
BALANCING.WASH 1Ltr,Sweet Squared,Kevin Murphy,Back Wash,Kevin Murphy,
HYDRATE.ME.MASQUE 1Ltr,Sweet Squared,Kevin Murphy,Back Wash,Kevin Murphy,
HYDRATE.ME.WASH 1Ltr,Sweet Squared,Kevin Murphy,Back Wash,Kevin Murphy,
SMOOTH.AGAIN.RINSE 1Ltr,Sweet Squared,Kevin Murphy,Back Wash,Kevin Murphy,
YOUNG.AGAIN.RINSE 1Ltr,Sweet Squared,Kevin Murphy,Back Wash,Kevin Murphy,
BLONDE.ANGEL 1Ltr,Sweet Squared,Kevin Murphy,Back Wash,Kevin Murphy,
PLUMPING.WASH 1Ltr,Sweet Squared,Kevin Murphy,Back Wash,Kevin Murphy,
TBH Tone Softener ,Henkel,Schwarzkopf,Colour,TBH,
IGORA Colour10 9-5,Henkel,Schwarzkopf,Colour,Col10,
IGORA Royal Vibrance 5-7,Henkel,Schwarzkopf,Colour,Vibrance,
IGORA Colour10  6-0,Henkel,Schwarzkopf,Colour,Col10,
IGORA Colour10 8-11,Henkel,Schwarzkopf,Colour,Col10,
IGORA Colour10 5-1,Henkel,Schwarzkopf,Colour,Col10,
IGORA Royal Vibrance 6-68,Henkel,Schwarzkopf,Colour,Vibrance,
IGORA Colour10 7-00,Henkel,Schwarzkopf,Colour,Col10,
Silver foil (box of 3) 90m Plain,Henkel,Schwarzkopf,Sundries,Foil,
bc fiber clinix trbond shampoo all hair types,Henkel,Schwarzkopf,Back Wash,BC,
BM Tone Enhancing Bonding Shampoo Cool Blondes 1000ml,Henkel,Schwarzkopf,Back Wash,BlondMe,
bc fibre clinix peptide repair booster,Henkel,Schwarzkopf,Back Wash,BC,
Peptide Repair Rescue Treatment Deep Nourishing,Henkel,Schwarzkopf,Back Wash,BC,
bc fibre clinix tribond treatment for fine hair,Henkel,Schwarzkopf,Back Wash,BC,
Hyaluronic Moisture Kick shampoo,Henkel,Schwarzkopf,Back Wash,BC,
pH 4.5 Color Freeze Silver Shampoo,Henkel,Schwarzkopf,Back Wash,BC,
c10 7-1,Henkel,Schwarzkopf,Colour,Col10,
YOUNG.AGAIN OIL,Sweet Squared,Kevin Murphy,Retail,Kevin Murphy,1
ANTI.GRAVITY.SPRAY,Sweet Squared,Kevin Murphy,Retail,Kevin Murphy,1
STAYING.ALIVE,Sweet Squared,Kevin Murphy,Retail,Kevin Murphy,1
UN.TANGLED,Sweet Squared,Kevin Murphy,Retail,Kevin Murphy,1
BODY.MASS,Sweet Squared,Kevin Murphy,Retail,Kevin Murphy,1
SHIMMER.ME BLONDE,Sweet Squared,Kevin Murphy,Retail,Kevin Murphy,1
IGORA Royal FL L-44,Henkel,Schwarzkopf,Colour,Royal,
OSiS Session Label Super Dry Fix 300ml,Henkel,Schwarzkopf,Retail,Osis,1
Osis Elastic 500ml,Henkel,Schwarzkopf,Retail,Osis,1
hyaluronic moisture kick micellar spray conditioner,Henkel,Schwarzkopf,Retail,BC,1
Bold Wash Purple,Henkel,Schwarzkopf,Retail,,1
blondme blush wash strawberry,Henkel,Schwarzkopf,Retail,BlondMe,1
Keratin smooth perfect micellar shampoo,Henkel,Schwarzkopf,Retail,BC,1
Osis Blow & Go 200ml,Henkel,Schwarzkopf,Retail,Osis,
peptide repair rescue sealed ends,Henkel,Schwarzkopf,Retail,BC,
Osis Flatliner 200ml,Henkel,Schwarzkopf,Retail,Osis,
IGORA COLOR10 8-4,Henkel,Schwarzkopf,Colour,Col10,
VIBRANCE 6-16,Henkel,Schwarzkopf,Colour,Vibrance,
VIBRANCE 5-16,Henkel,Schwarzkopf,Colour,Vibrance,
"Chro ID Retail Mask 9,5-1",Henkel,Schwarzkopf,Retail,Chroma ID,1
Chro ID Bold Pink ,Henkel,Schwarzkopf,Retail,Chroma ID,1
"Chro ID Large Classic 9,5-1",Henkel,Schwarzkopf,Retail,Chroma ID,1
Chro ID Bold Purple ,Henkel,Schwarzkopf,Retail,Chroma ID,1